Unnamed: 0,Work-Related Fear,Physical Context,Social Context,Physiological Context
0.0,Fearing a bad performance review from a supervisor,In the supervisor's office,With a supervisor,Increased heart rate and shallow breathing
1.0,Dreading a negative interaction with a difficult coworker,In the breakroom at work,With a single coworker,"Mild tension in shoulders, slight increase in breathing rate"
2.0,Worrying about being late for work and facing disapproval,In the office parking lot,In a public setting with colleagues,Elevated heart rate and slight sweating
3.0,Receiving harsh feedback on a recent project,In the manager's office,With a manager,Feeling warm and flushed
4.0,Feeling nervous about presenting results in a team meeting,In the main conference room,With a team of coworkers,Dry mouth and increased heart rate
5.0,Fearing disciplinary action for a minor mistake,In the human resources office,With a high-level manager,Tense muscles and queasiness
6.0,Worrying about job security due to recent layoffs,At home after work,Alone,"Persistent low-level anxiety, fatigue from lack of sleep"
7.0,Experiencing anxiety about meeting tight project deadlines,At the work desk,With a team supervisor,Tense jaw and shallow breathing
8.0,Fearing being assigned an overwhelming workload,In the department head's office,With department head,"Heaviness in chest, slight tremor in hands"
9.0,Dreading being asked to take on a high-stakes project,In a project planning room,With a project leader,Increased focus but slight tremor
10.0,Having anxiety about being criticized during a meeting,In a virtual meeting,In a group meeting with peers,Cold hands and tense posture
11.0,Worrying about getting caught up in office politics,In a hallway conversation,With a colleague or small team,"Chronic low-level stress, occasional muscle tension"
12.0,Feeling anxious about asking for a raise or promotion,In supervisor's office,With a direct supervisor,Shaky voice and nervous sweating
13.0,Fearing a sudden transfer or reassignment to an unfamiliar role,In the HR department,With human resources staff,Increased breathing rate and muscle stiffness
14.0,Worrying about missing important details in a report,In a project update meeting,With stakeholders during a review,"Sharp focus, but sweaty palms"
15.0,Experiencing stress over managing conflicting deadlines,At home late at night,Alone,Tension headache and racing thoughts
16.0,Feeling nervous about public speaking at a work event,On stage at a company event,In a company-wide event,"Dry mouth, rapid heartbeat"
17.0,Fearing being blamed for a project delay,In the project workspace,With a group of colleagues,"Warm flush in face, elevated heart rate"
18.0,Dreading the possibility of making an error in a report,In the senior management meeting,In front of upper management,Minor finger tremors and shallow breathing
19.0,Worrying about not meeting the expectations of a new boss,In boss's office,With new boss,"Restless energy, feeling jittery after coffee"
20.0,Feeling nervous about being placed on a performance improvement plan,In a conference room,With HR and supervisor,"Persistent low-level dread, tight shoulders"
21.0,Fearing that colleagues are gossiping about work performance,In the breakroom,With coworkers,Increased body temperature and mild stomach discomfort
22.0,Worrying about underperforming in comparison to peers,At desk,Alone,Tension in forehead and shoulders
23.0,Dreading having to work closely with a challenging team member,In a shared office space,With a single coworker,"Low-level tension, slightly increased heart rate"
24.0,Feeling anxious about changes in the company's leadership,In home office reading the news,Alone,Fatigue from poor sleep
25.0,Experiencing fear about being evaluated in front of peers,In a collaborative meeting room,In a team setting,"Dry mouth, rapid breathing"
26.0,Fearing that a project will fail to meet client expectations,In a client meeting room,With a client,"Cold hands, mild perspiration"
27.0,Worrying about having to justify project decisions to upper management,In the executive boardroom,With senior leaders,Heart pounding and tense posture
28.0,Feeling nervous about asking for time off during a busy period,In supervisor's office,With a supervisor,Slight trembling and warm sensation
29.0,Dreading a performance meeting scheduled unexpectedly,In department head's office,With a department head,Increased heart rate and alertness
30.0,Fearing conflict over ideas in a collaborative project,In a brainstorming room,With a group of coworkers,"Slight muscle tension, increased focus"
31.0,Feeling stress about being seen as less productive by management,In open office area,In a public setting,Persistent fatigue and muscle soreness
32.0,Worrying about forgetting key information during a presentation,In the main conference room,With a project team,"Shaky hands, rapid breathing"
33.0,Fearing that personal life issues will affect work performance,At home after hours,Alone,Mild headache and low energy
34.0,Dreading having to train new employees on complex tasks,In the training room,With new hires,"Low-level tension, slight irritability"
35.0,Worrying about a miscommunication with a key client,In virtual client call,With a client,Cold sweat and tight chest
36.0,Feeling anxious about being passed over for a promotion,In performance review room,With peers and manager,Low energy and persistent restlessness
37.0,Fearing a project scope change that adds unexpected responsibilities,In project planning room,With a project team,Slight nausea and heavy breathing
38.0,Experiencing nervousness about remote work performance monitoring,In home office,With a remote team,Persistent mild tension
39.0,Dreading potential mistakes with new software or tools,In IT help desk,With IT staff,Low-level headache and focus issues
40.0,Worrying about handling a high-profile project with high stakes,In executive boardroom,With executive team,"Jittery, feeling of adrenaline"
41.0,Feeling pressure about meeting quarterly or yearly targets,In finance meeting room,With leadership,"Fatigue, mild irritability"
42.0,Fearing that an important email was accidentally sent to the wrong recipient,In shared office area,In a group email,Rapid breathing and slight dizziness
43.0,Worrying about a client escalating a complaint to upper management,In client meeting room,With client and manager,Heart pounding and clammy hands
44.0,Feeling anxious about failing to communicate well in virtual meetings,In home office,In a remote team meeting,"Increased heart rate, dry mouth"
45.0,Dreading being asked to mentor a team when feeling underprepared,In training room,With mentees,Mild sweating and slight hand tremor
46.0,Fearing being misunderstood by coworkers in a diverse team,In breakout room,With team,Persistent low-level anxiety
47.0,Worrying about managing a heavy workload without enough support,At work desk,With direct manager,"Exhaustion, tight jaw"
48.0,Feeling nervous about sudden changes to work assignments,In project management room,In a project team,"Shallow breathing, mild tension"
49.0,Dreading the thought of having to reprimand a team member,In manager's office,With a subordinate,Tight stomach and tense hands
50.0,Fearing being asked to take on responsibilities outside comfort zone,In department head's office,With department head,"Elevated heart rate, clammy hands"
51.0,Worrying about appearing disengaged or unmotivated during meetings,In main meeting room,With team,"Low energy, slightly unfocused"
52.0,Experiencing stress about hitting metrics in a performance-driven role,At home reviewing metrics,Alone,Chronic muscle soreness
53.0,Fearing a supervisor’s reaction to a request for project clarification,In supervisor's office,With supervisor,"Slight trembling, tight throat"
54.0,Worrying about a remote work setup impacting productivity perception,In virtual meeting,With manager,Persistent fatigue and tension
55.0,Feeling anxious about meeting back-to-back deadlines with little rest,At work desk,With project team,"Eye strain, shoulder tension"
56.0,Dreading being tasked with presenting complex data to non-experts,In presentation hall,With general audience,Cold hands and dry mouth
57.0,Worrying that personal emails or files could be accessed by IT,In IT department area,With IT department,Mild tension in shoulders
58.0,Fearing that a completed task was done incorrectly,In review meeting room,With review committee,"Slightly shaky hands, rapid breathing"
59.0,Worrying about being asked to justify budget expenses in a project,In finance department room,With finance team,"Cold sweat, mild heart pounding"
60.0,Feeling stress over being overlooked during team meetings,In team meeting room,With peers,Low energy and muscle tightness
61.0,Dreading having to give a status update on a project running late,In stakeholder meeting,With project stakeholders,"Heart pounding, slightly flushed face"
62.0,Worrying that a customer complaint could impact future contracts,In client review room,With clients and managers,Shallow breathing and sweaty palms
63.0,Feeling nervous about meeting with a demanding external partner,In client office,With client,"Clammy hands, dry mouth"
64.0,Dreading an invitation to a work-related social event,In company event space,In a social event with colleagues,"Low energy, feeling drained"
65.0,Fearing that a slip in performance will affect future opportunities,In executive conference room,With executive team,Persistent low-level dread
66.0,Worrying about accidentally deleting an important work file,In IT support room,With IT support,Rapid breathing and light-headedness
67.0,Feeling pressure to respond quickly to emails after hours,At home on laptop,Alone,"Persistent tension, slight irritability"
68.0,Dreading last-minute assignments that interfere with personal plans,In manager's office,With manager,"Low energy, feeling mentally drained"
69.0,Fearing a coworker finding out about a mistake before it's corrected,In shared workspace,With coworker,"Clammy hands, slight muscle tension"
70.0,Worrying that illness could lead to missing crucial deadlines,In home office,With project team,Persistent fatigue
71.0,Experiencing anxiety over impromptu video calls without preparation,In home office,In remote team setting,"Rapid breathing, slightly flushed"
72.0,Fearing that remote work habits are viewed as unproductive,In virtual meeting,With supervisor,Low energy and mental fatigue
73.0,Worrying about not being recognized for contributions to projects,In team workspace,With peers,"Low energy, slight jaw tension"
74.0,Feeling nervous about a new hire review from team members,In team review meeting,With team members,Mild hand tremor and sweating
75.0,Dreading team-building activities that involve public speaking,In team building event hall,With entire department,"Shaky hands, dry mouth"
76.0,Worrying about not having enough resources to complete a task well,In project planning room,With supervisor,"Tension headache, mild nausea"
77.0,Fearing that lower quarterly performance will impact bonuses,In finance meeting room,With finance team,Persistent low-level stress
78.0,Feeling uneasy about increased scrutiny from a recent promotion,In leadership meeting,With leadership,Mild tremor and tight jaw
79.0,Dreading a confrontation with a coworker over project ownership,In shared workspace,With single coworker,"Slightly sweaty palms, mild tension"
0.0,Worrying about a change in company policies affecting work processes,At work desk,Alone,Increased heart rate and shallow breathing
1.0,Fearing an unannounced audit or evaluation of project results,In review meeting room,With audit team,"Mild tension in shoulders, slight increase in breathing rate"
2.0,Feeling nervous about training clients on a product feature,In client training room,With clients,Elevated heart rate and slight sweating
3.0,Worrying about failing to convey expertise in a challenging field,In presentation room,With clients or team,Feeling warm and flushed
4.0,Dreading facing the same issue multiple times despite efforts to improve,In manager's office,With manager,Dry mouth and increased heart rate
5.0,Worrying that a manager will not approve a request for remote work,In manager's office,With manager,Tense muscles and queasiness
6.0,Fearing that a low team morale will affect project results,In team workspace,With team,"Persistent low-level anxiety, fatigue from lack of sleep"
7.0,Feeling stressed over not meeting subjective performance metrics,At home reviewing work,Alone,Tense jaw and shallow breathing
8.0,Dreading participating in a team discussion on sensitive topics,In team meeting room,With team,"Heaviness in chest, slight tremor in hands"
9.0,Worrying about missing a meeting due to technical difficulties,At home office,In remote team meeting,Increased focus but slight tremor
10.0,Fearing being left out of major decisions affecting the team,In leadership meeting room,With team leaders,Cold hands and tense posture
11.0,Experiencing anxiety over sudden changes in project deadlines,In project planning room,With project team,"Chronic low-level stress, occasional muscle tension"
12.0,Dreading having to explain project setbacks to senior leaders,In executive conference room,With senior leaders,Shaky voice and nervous sweating
,Fear of death and the unknown afterlife,Alone at home reflecting on life choices,At home alone during a quiet evening,"Calm breathing, steady heart rate"
,Anxiety about climate change and its impacts on future generations,With a close friend at a neighborhood park,Walking through a familiar park near home,"Relaxed muscles, even breathing"
,Fear of ending up alone with no close relationships,Surrounded by other patrons in a coffee shop,In a coffee shop with other people working,"Slightly elevated heart rate, mild warmth"
,Concern about being socially rejected or ostracized by society,With family members in a quiet backyard,In the backyard looking up at the stars,"Comfortable body temperature, relaxed posture"
,Apprehension about rising social and economic inequality,At a community event with strangers around,At a local community event or town hall,"Focused with slow breathing, steady pulse"
,Fear of political instability and threats to democracy,Waiting with other patients in a doctor's office,In a doctor's waiting room,"Mild tension in shoulders, calm heart rate"
,Worry about personal health deteriorating over time,Among fitness enthusiasts at the gym,At the gym during an early morning workout,"Feeling energized, but breathing is calm"
,Fear of technology overtaking human values and jobs,Squeezed between strangers on public transit,On a crowded bus or subway during rush hour,"Mildly increased pulse, relaxed muscles"
,Concern about overpopulation and resource depletion,Discussing societal issues with a close friend,At a friend's house discussing current events,"Normal breathing, relaxed shoulders"
,Fear of global pandemics and widespread health crises,Sitting quietly among strangers in a library,Browsing a bookstore in the philosophy section,"Moderate alertness, steady breathing"
,Dread of losing personal freedom or autonomy,"Alone in a park, watching others pass by",On a quiet walk in a neighborhood park,"Feeling slightly warm, slow and calm breathing"
,Anxiety over aging and the physical decline it brings,Alone in an empty office space,In a shared office space after hours,Relaxed with a steady pulse
,Fear of irreversible environmental destruction,Among others in a place of worship,In a church or other place of worship,"Slow, steady breathing and comfortable body temp"
,Concern about human rights violations on a global scale,With a group of museum visitors,At a museum exhibit about the environment,"Mild warmth in hands, calm and steady breathing"
,Fear of being misunderstood or perpetually misinterpreted,With elderly relatives in a senior center,In a senior center visiting a relative,"Even breathing, mild relaxation in muscles"
,Apprehension about existential purposelessness,Observing people in a busy café,"In a busy café, watching people pass by",Focused with regular heart rhythm
,Fear of financial insecurity and poverty in old age,Alone in a quiet room at home,"In a quiet living room, reflecting alone",Calm but slightly elevated alertness
,Concern over increased surveillance and loss of privacy,Walking near a cemetery with a friend,Walking past a cemetery on a morning walk,"Normal pulse, slight relaxation in shoulders"
,Fear of social isolation due to digital interactions,Sitting alone in a nearly empty theater,Sitting alone in a movie theater,"Comfortable posture, slow and even breaths"
,Worry about mental health deteriorating with age,With family at a zoo or animal sanctuary,"At a zoo, observing animals in enclosures","Feeling calm, no noticeable physiological changes"
,Fear of natural disasters exacerbated by climate change,Surrounded by neighbors at a town meeting,At a city council meeting on local issues,"Relaxed breathing, slight increase in body warmth"
,Concern about the future of humanity and moral decline,With colleagues in a high-rise office,In a high-rise office building during sunset,Comfortable and steady breathing
,Apprehension about losing one's identity in a changing world,Volunteering with strangers at a charity event,At a local charity event or donation drive,"Mild relaxation in limbs, no arousal"
,Fear of artificial intelligence surpassing human control,"With a friend, overlooking the cityscape",Sitting on a rooftop terrace with a view,"Normal heart rate, comfortable temperature"
,Dread of never achieving personal or professional dreams,Sitting alone on a park bench,On a park bench facing a city skyline,Focused attention with a slow heart rate
,Anxiety over the unpredictability of global events,With community members in a garden center,At a local recycling center or community garden,"No noticeable changes, calm state"
,Fear of illness and the suffering that may accompany it,"In a courthouse audience, watching silently",In a courthouse attending a public hearing,"Mild alertness, regular breathing"
,Concern about future generations inheriting a damaged world,Volunteering with strangers at a food bank,Volunteering at a food bank or soup kitchen,"Slow pulse, relaxed posture"
,Fear of being abandoned by loved ones in times of need,Talking to a therapist in a private office,At a counseling or therapy appointment,"Normal breathing, slight warmth in body"
,Apprehension about becoming obsolete in a rapidly changing society,Among a crowd at a public demonstration,At a rally or public demonstration,"No noticeable arousal, even breathing"
,Fear of cultural erosion and loss of heritage,"In a corporate setting, discussing privacy",In a tech company's office for a workshop,"Relaxed muscles, even heart rhythm"
,Concern about widespread misinformation and media bias,Observing others on a quiet beach,Walking on a quiet beach during vacation,"Comfortable, breathing in a steady rhythm"
,Fear of economic collapse and widespread poverty,"In a support group, sharing experiences",In a small support group meeting,Moderate focus with relaxed shoulders
,Worry about religious or ideological conflicts escalating,With animal shelter volunteers,At an animal rescue center volunteering,"Mild alertness, steady heart rate"
,Fear of enduring chronic pain or disability,Discussing issues in a community center,In a community recreation center,"No change in breathing, calm state"
,Apprehension about moral and ethical decline in society,"Alone in a vast, open field","Walking in a large, quiet field nearby","Steady breathing, relaxed shoulders"
,Concern over water scarcity and food shortages,With friends in a busy library,At a public library reading environmental news,Calm with normal physiological state
,Fear of losing one's mental faculties over time,Walking alone on a neighborhood trail,On a neighborhood trail surrounded by nature,"Slight warmth in hands, calm breathing"
,Worry about the spread of authoritarian regimes,Watching others in a littered park,In a park with signs of litter and pollution,"Normal alertness, no physical tension"
,Fear of extreme weather events becoming more common,Working with neighbors at a cleanup event,Attending a neighborhood cleanup event,"Slightly heightened focus, regular pulse"
,Apprehension about the future of healthcare availability,Volunteering with a team at a campaign office,In a political campaign office with volunteers,"Breathing steady, feeling grounded"
,Fear of irrelevance in personal or professional life,With friends at a crowded street market,In a bustling street market or food court,"Relaxed muscles, no arousal"
,Concern over species extinction and loss of biodiversity,Discussing nutrition at a farmers market,At a local farmers market,Comfortable with slow breathing
,Fear of losing self-worth due to societal standards,Observing new technologies with strangers,In a tech expo showcasing new gadgets,"Low arousal, relaxed breathing"
,Worry about being trapped in an unfulfilling life,With others at a mental health workshop,At a support center for mental health resources,Focused with calm breathing pattern
,Fear of the collapse of social safety nets,With family on a high-rise balcony,On a balcony of a high-rise apartment,"Normal heart rhythm, no noticeable tension"
,Concern over the exploitation of natural resources,With others in a wellness center,In a wellness center or spa,"Relaxed body, no physiological changes"
,Fear of being misunderstood or unseen by others,Waiting for a train with other commuters,"At a train station, waiting for a commuter train",Calm and focused with even breathing
,Apprehension about the digital divide and inequality,Attending a community event in a gym,In a school gym during a community event,"Slightly heightened awareness, steady pulse"
,Fear of a catastrophic nuclear event,With other customers at a grocery store,At a grocery store noticing product shortages,"Comfortable, breathing evenly"
,Fear of losing one's sense of purpose or direction,With family members in the living room,In a living room surrounded by family members,"Increased heart rate, rapid breathing"
,Concern about the rapid spread of misinformation,Among familiar faces in a neighborhood grocery store,In a neighborhood grocery store during a busy evening,"Tension in shoulders, shallow breaths"
,Apprehension about losing loved ones unexpectedly,Watching children play at a local playground,At a local playground with children around,"Sweaty palms, elevated pulse"
,Fear of a loss of cultural diversity worldwide,With commuters in a carpool or rideshare,In a car stuck in traffic on a highway,"Quickened breathing, heightened alertness"
,Anxiety over economic inequality worsening,Sharing a meal with friends at a restaurant,At a restaurant with friends on a weekend night,"Heart pounding, feeling flushed"
,Fear of a dystopian future with limited freedoms,Among neighbors in a small town festival,In a small town square during a local festival,"Rapid pulse, shallow breaths"
,Concern about extreme weather events destroying homes,With classmates or peers in a campus library,In a college campus library during exams,"Increased body warmth, faster breathing"
,Fear of dwindling natural resources,In a shared workspace with other professionals,In a coworking space with other remote workers,"Slight tremor in hands, quickened pulse"
,Apprehension about society becoming overly automated,Sitting among strangers in a coffee shop,In a coffee shop during a rainy afternoon,"Feeling slightly nauseous, elevated heart rate"
,Fear of the breakdown of social structures,Among fans at a crowded sports stadium,At a sports game in a packed stadium,"Breathless, tense muscles"
,Worry about personal inadequacy in achieving life goals,With friends at a bar on a busy evening,In a bar or pub on a Friday night,"Shortness of breath, faster pulse"
,Fear of genetic manipulation altering human values,Waiting in line with other patients at the dentist,In a dentist’s waiting room,"Increased heart rate, feeling slightly jittery"
,Concern about rising extremism and division in society,With travelers waiting for flights in an airport,In an airport terminal waiting for a delayed flight,"Quick pulse, slight trembling"
,Fear of catastrophic events from climate change,Browsing with crowds in a shopping mall,In a shopping mall during a holiday sale,"Sweaty palms, shallow breaths"
,Anxiety over the potential for a global war,Watching a game with parents and students in a gym,In a high school gym during a sports event,Noticeably elevated heart rate
,Fear of isolation in an increasingly virtual world,Among concert-goers at a live music venue,At a music concert in a large venue,"Feeling hot, rapid breathing"
,Concern about loss of traditional knowledge,Buying produce at a farmers market with locals,In a bustling farmers market on Saturday morning,"Tense muscles, quickened pulse"
,Fear of an artificial intelligence takeover,Walking alone near a quiet lake,At a quiet lake during an early morning walk,"Feeling flushed, heart racing"
,Apprehension about pandemics becoming the norm,With classmates in a group yoga class,In a yoga studio during a group class,"Elevated heart rate, mild sweating"
,Fear of moral decay in society at large,Passing other hikers on a busy trail,On a local hiking trail with other hikers around,"Fast pulse, heightened arousal"
,Concern over access to clean drinking water,Observing pets with others in a pet store,"In a pet store, watching animals in enclosures","Breathing faster, mild discomfort"
,Fear of irreversible environmental pollution,Waiting with others for a haircut at a salon,"In a barber shop or salon, waiting for a haircut","Pulse quickening, slight perspiration"
,Worry about the exploitation of vulnerable populations,On a city bus surrounded by other commuters,In a city bus during a busy weekday morning,"Increased alertness, elevated breathing rate"
,Fear of the collapse of ethical standards,With friends at a live theater performance,At a theater watching a popular play,"Heart beating faster, feeling anxious"
,Concern about the persistence of systemic injustice,In the break room chatting with coworkers,In a work break room with colleagues during lunch,"Sweaty forehead, rapid breaths"
,Fear of being forced to conform to unwanted norms,In a fitness class with community members,At a community center for a fitness class,"Elevated heart rate, tightness in chest"
,Anxiety over being unable to afford healthcare,Waiting with others in a laundromat,In a laundromat with other patrons,"Quickened breathing, feeling restless"
,Fear of being forgotten or leaving no legacy,At a barbecue with friends and neighbors,At a friend’s backyard barbecue,"Increased arousal, faster pulse"
,Concern about the degradation of the public health system,Watching a sports game with locals in the park,In a public park with people playing sports,"Breathlessness, mild shaking"
,Fear of being powerless in the face of injustice,Among late-night moviegoers in a theater,At a movie theater watching a late-night show,"Tense shoulders, quick heart rhythm"
,Apprehension about escalating global conflicts,Exploring a museum exhibit with tourists,In a crowded museum during an exhibition,"Shallow breaths, sweaty palms"
,Fear of living through economic depression,Waiting for the next train on a subway platform,In a subway station during morning rush hour,"Heart racing, feeling on edge"
,Concern about the erosion of individual rights,In a long line at a popular theme park ride,"At a theme park, waiting in a long line for a ride","Elevated body temperature, faster breathing"
,Fear of not leaving a positive impact on the world,At a family restaurant on a busy evening,In a family-owned restaurant during a busy evening,"Pounding heart, feeling tense"
,Worry about the health impacts of air pollution,With others in a gym locker room,In a gym locker room after a workout,"Quickened pulse, slight tremor"
,Fear of being unable to escape a toxic environment,Studying with classmates at a library table,"In a library, studying at a shared table","Sweaty hands, heightened focus"
,Concern about the increasing wealth gap,Meeting new people at university orientation,At a university campus during orientation week,Heart rate noticeably elevated
,Fear of misinformation shaping public opinions,With friends in a quiet café on a weekday,In a small café on a quiet weekday afternoon,"Rapid breathing, tense posture"
,Anxiety over the exploitation of labor,Among other patients in a doctor’s office,"In a doctor’s office, waiting for a check-up","Slightly elevated temperature, quick breaths"
,Fear of future food shortages and hunger,With community members at a charity event,At a local charity run or community event,"Feeling jittery, heart racing"
,Concern about political polarization intensifying,In a crowded parking lot at the shopping center,In a parking lot outside a shopping center,"Pulse increasing, slight anxiety"
,Fear of the extinction of important species,Talking one-on-one with a coworker in an office,In a coworker’s office for a one-on-one meeting,"Feeling hot, shallow breathing"
,Apprehension about dwindling biodiversity,Sitting with family on a crowded beach,At a local beach during a summer weekend,"Noticeable tension, fast pulse"
,Fear of an overwhelming sense of helplessness,Picking up morning treats at a bakery,In a bakery picking up pastries in the morning,"Rapid pulse, feeling alert"
,Concern over digital addiction and its effects,With volunteers in a community garden,In a community garden with volunteers,"Elevated breathing, heightened awareness"
,Fear of climate migration leading to conflict,Watching children play with families nearby,At a neighborhood playground with families around,"Heart beating quickly, feeling stressed"
,Anxiety about mental health crises worsening,At a bike shop preparing with friends for a ride,In a bike rental shop preparing for a ride,"Sweaty palms, quickened heart rate"
,Fear of global cyber threats and data breaches,In a cafeteria during a high school lunch hour,In a high school cafeteria during lunch hour,"Tightness in muscles, faster breathing"
,Concern about humanity's impact on other life forms,At the pool among other swimmers,At a local pool during an open swim session,"Feeling edgy, elevated heart rate"
,Fear of experiencing a future technological collapse,With coworkers in a crowded office elevator,In a crowded elevator in a downtown office building,"Increased perspiration, quickened pulse"
,Fear of catching a cold and being bedridden for days,With a family member at home during the evening,In a bedroom with windows open during winter,"Slight coughing, minor throat irritation"
,Worry about a persistent cough getting worse and disrupting sleep,Alone at home coughing in the night,In a quiet living room coughing during the night,"Breathing slightly heavier, mild fatigue"
,Fear of falling while descending a steep escalator,In a crowded mall with strangers around,On an escalator at a busy shopping mall,"Elevated heart rate, slight unease"
,Concern about slipping on wet tiles in a public restroom,In a restroom shared with coworkers,In a public restroom with wet floors,No noticeable physiological changes
,Fear of getting hit by a car while crossing a busy street,Waiting to cross a busy street with pedestrians,At a busy crosswalk in a city intersection,"Quickened pulse, heightened alertness"
,Worry about being attacked while walking alone at night,Walking alone in a quiet neighborhood,Walking alone on a dimly lit street,Feeling calm but mildly vigilant
,Fear of choking while eating a meal too quickly,At a dining table with a group of friends,At a dining table during a rushed breakfast,"Mild discomfort in throat, no other symptoms"
,Apprehension about developing severe allergies after exposure,In a park with a friend during allergy season,In a park during allergy season,"Slight itching, minor nose irritation"
,Fear of tripping and falling while jogging in the park,Jogging alone in a park with occasional passersby,Jogging on a trail with uneven ground,Mild shortness of breath after jogging
,Concern about being stung by a bee and having an allergic reaction,With a neighbor discussing the garden,In a backyard with flowering plants,"Slight increase in body temperature, calm state"
,Fear of breaking a bone while playing sports recreationally,Playing sports with colleagues during a team-building event,On a sports field during a casual game,"No physical discomfort, relaxed breathing"
,Worry about contracting food poisoning from a restaurant meal,Dining with coworkers at a local eatery,In a restaurant eating a questionable dish,Slight nausea after consuming rich food
,Fear of a sudden asthma attack with no inhaler nearby,Hiking with a group of friends on a weekend,On a hiking trail far from medical assistance,"Mild physical exertion, breathing normal"
,Concern about being burned by hot coffee while rushing to work,In a busy café interacting with baristas,In a bustling café carrying a hot drink,"Minor increase in heart rate, no other changes"
,Fear of fainting in a crowded place due to dehydration,On public transport with other commuters,In a crowded train on a hot summer day,"Comfortable body temperature, steady pulse"
,Worry about severe sunburn after being outdoors for hours,At a beach with family on a sunny day,At a beach with no shade on a sunny day,"Feeling warm, steady breathing"
,Fear of being injured in an elevator malfunction,In an elevator with a group of strangers,In an elevator stuck between floors,"Slightly increased heart rate, calm otherwise"
,Apprehension about slipping on ice during winter commutes,Walking on a sidewalk near pedestrians during snowfall,On a snowy sidewalk during winter,Mild shivering due to cold weather
,Fear of a stray dog attack while walking in the neighborhood,With a friend walking in a quiet alley,Walking near an alley with stray dogs,"Slight tension in muscles, no other changes"
,Worry about a small cut becoming infected over time,In a public restroom while others come and go,In a public restroom with a minor injury,"Normal breathing, calm physiological state"
,Fear of sudden vertigo while climbing stairs,Climbing stairs in a crowded building,Climbing stairs at a crowded metro station,Mild headache from exertion
,Concern about being pushed and falling on a crowded subway platform,Standing with strangers on a subway platform,On a subway platform during peak hours,"No physical symptoms, steady state"
,Fear of a cycling accident during morning commutes,Cycling in a city alongside other cyclists,Cycling through a busy downtown area,"Heart rate normal, slight muscle tension"
,Worry about a minor cold worsening into pneumonia,At home with a roommate while feeling sick,In bed while feeling under the weather,No noticeable physical reactions
,Fear of being trapped in a small space and losing air,In a small elevator with coworkers,In a small elevator with limited ventilation,"Slight coughing, throat irritation persists"
,Concern about hearing loss after exposure to loud sounds,At a concert with friends surrounded by loud music,At a concert with loud music and flashing lights,Breathing heavier due to exercise
,Fear of an allergic reaction to a new medication,At a pharmacy with other customers waiting,In a pharmacy after taking a new medicine,"Calm breathing, no discomfort"
,Worry about getting caught in a sudden storm without shelter,Walking with a friend during a sudden rainstorm,Walking on a city street during a sudden storm,Heart rate slightly increased
,Fear of food choking while dining alone,Eating a quick lunch at a café with friends,Eating a meal at a local diner,"Normal body temperature, steady breathing"
,Concern about slipping in the bathtub at home,In a bathroom at home while family members are nearby,In a bathtub at home without a grab bar,"Relaxed posture, no symptoms"
,Fear of developing a skin rash from contact with plants outdoors,Hiking with a group of coworkers on a forest trail,In a forest during a hike on an unmarked trail,Mild exertion from physical activity
,Worry about spraining an ankle on uneven pavement,Walking on a busy street with friends,On a sidewalk with broken pavement,No signs of physical discomfort
,Fear of cuts from broken glass in an unexpected accident,In the kitchen with family preparing a meal,In the kitchen while handling sharp utensils,"Heart beating steadily, slight tension"
,Concern about a sudden headache turning into a severe migraine,At an outdoor festival with friends on a warm day,At an outdoor festival on a hot day,"Breathing calm, no sweating"
,Fear of heatstroke during a summer outdoor event,Swimming in a public pool with classmates,In a swimming pool during an exercise class,"No noticeable reactions, feeling steady"
,Worry about severe cramps while swimming in a public pool,Hiking with a group in a remote area,On a rural trail with limited cellphone signal,"Slight warmth in hands, calm pulse"
,Fear of encountering a snake while hiking in the wild,Gardening with neighbors during a community event,At a workbench with splinters nearby,"Body temperature normal, breathing even"
,Concern about a splinter becoming infected over time,Walking through a park with a group of friends,On a rooftop garden during high winds,"Feeling calm, no physical changes"
,Fear of being hit by debris during strong winds,Carpooling with colleagues on a long commute,In a car during a long road trip,"Pulse steady, no tension"
,Worry about dehydration causing confusion while traveling,Cleaning a storeroom with a family member,At home organizing shelves in a storeroom,Minor fatigue after exertion
,Fear of slipping and injuring a back during daily chores,Camping with friends near a forest trail,In a tent while camping near a forest,No physical manifestations present
,Concern about being bitten by an insect while camping,Watching a local sports game with neighbors,In a park with children playing sports,"Relaxed state, steady breathing"
,Fear of a severe reaction after accidentally touching poison ivy,Swimming at a community pool with acquaintances,Swimming in a lake during a summer picnic,Slightly increased body temperature
,Worry about frostbite while waiting outdoors in cold weather,Shopping with family members at a garden store,In a garden handling wooden tools,Mild shortness of breath after climbing stairs
,Fear of being stuck in an overcrowded space and falling ill,Discussing storm safety with neighbors,Near a storm drain during heavy rainfall,"Heart rate steady, feeling neutral"
,Concern about a fall causing a head injury at home,On a rooftop terrace with colleagues during a break,On a balcony with strong gusts of wind,No noticeable physiological changes
,Fear of a dog bite from an unfamiliar pet,At home with family organizing a small repair project,At home cleaning without gloves,"Mild physical relaxation, no symptoms"
,Worry about a minor injury worsening without timely treatment,At a park with others during a soccer game,In a room with exposed electrical outlets,"No tension, steady physiological state"
,Fear of severe coughing causing a fainting episode,Walking with a friend on a street under construction,In a public park during a soccer game,"Slight increase in pulse, otherwise calm"
,Concern about being injured during a public altercation,Cycling with a local club on a city route,On a city street while navigating construction,"Feeling comfortable, no symptoms"
,Fear of getting a severe cut while using a kitchen knife,With family in the kitchen preparing a meal,In a kitchen preparing a meal,"Slight discomfort in the hand, no other symptoms"
,Worry about slipping and falling in a crowded shopping mall,Shopping with friends at a mall during the weekend,In a shopping mall during peak hours,Mild shortness of breath after climbing stairs
,Fear of being stung by a wasp in the garden,Gardening with a neighbor in the backyard,In a backyard garden tending to plants,"Normal breathing, steady heart rate"
,Concern about developing food allergies after trying new cuisine,At a food festival with friends trying new dishes,At a food festival trying new dishes,"No noticeable physical changes, feeling steady"
,Fear of falling off a bike while riding on a steep trail,Cycling with a local biking group on a scenic trail,On a bike trail with sharp turns,Slightly increased pulse due to exertion
,Worry about being hit by falling objects from a construction site,Walking past a construction site with a coworker,Walking near a construction site,Minor sweating due to nervousness
,Fear of a severe headache turning into something serious,At home resting with a family member nearby,At home resting after a long day,"No tension, breathing is even"
,Concern about stepping on sharp objects while walking barefoot,Playing barefoot in the backyard with children,Walking barefoot in the backyard,Mild irritation from physical activity
,Fear of a car tire bursting during a high-speed drive,Driving with a friend on a long highway journey,On a highway during a long drive,No significant physical manifestations
,Worry about catching a contagious illness in a public space,Sitting in a crowded waiting room with other patients,In a crowded waiting area at a clinic,"Steady breathing, feeling calm"
,Fear of burning oneself while cooking on a stovetop,Cooking dinner with a partner in the kitchen,Cooking in the kitchen with a hot stove,"Heart rate slightly elevated, calm otherwise"
,Concern about being injured while playing with pets,Playing fetch with a pet in the backyard,Playing fetch with a dog in the living room,No noticeable physical reactions
,Fear of accidentally swallowing a small object,Eating dinner with family in the dining room,In a dining room eating with family,Minor fatigue after extended activity
,Worry about tripping on uneven flooring at home,Walking with a friend through a toy-strewn hallway,In a hallway with scattered toys,"Breathing is calm, heart rate normal"
,Fear of experiencing severe motion sickness on a long drive,Driving with colleagues on a business trip,In a car on a winding road,"Mildly increased alertness, no tension"
,Concern about being caught in an escalator malfunction,Shopping with a friend in a department store,On an escalator in a department store,"No physical symptoms, steady physiological state"
,Fear of being trapped in a small room during a power outage,In a small meeting room with coworkers during a break,In a small office with limited ventilation,Heart rate and breathing remain steady
,Worry about exposure to toxic fumes in an industrial area,Walking with a friend in an industrial area,In an industrial area near a warehouse,"Slight warmth in hands, no other changes"
,Fear of fainting from overheating on a hot day,Traveling on a crowded bus with other passengers,On a crowded bus during a heatwave,"Feeling neutral, no physical discomfort"
,Concern about falling ill from drinking contaminated water,Sitting near a public fountain with a group of friends,Near a public fountain in a park,No physiological manifestations observed
,Fear of being in a car accident during a rainstorm,Driving during a rainstorm with family in the car,Driving on a slippery road during rain,"Mild fatigue, steady breathing"
,Worry about cutting oneself on sharp edges of furniture,Shopping with a friend in a furniture store,Walking through a furniture store,No physical signs of stress or discomfort
,Fear of choking on small bones while eating fish,Eating at a seafood restaurant with colleagues,At a seafood restaurant eating grilled fish,"Heart rate normal, relaxed breathing"
,Concern about stepping into a pothole and twisting an ankle,Walking with a group through a dimly lit parking lot,In a parking lot with poor lighting,No noticeable physiological effects
,Fear of sudden muscle cramps while driving,Driving with a family member on a weekend trip,Driving a car on a busy street,Slight exertion from light physical activity
,Worry about slipping and hitting the head in a swimming pool,Swimming with friends at a crowded community pool,At a swimming pool during peak hours,"Normal heart rate, even breathing"
,Fear of developing severe blisters from new shoes,Shopping with a friend for new shoes,Shopping for new shoes at a store,"Calm physiological state, no changes"
,Concern about falling from a ladder while doing housework,Cleaning a high shelf with a roommate at home,On a stepladder reaching a high shelf,"Heart rate steady, no tension in muscles"
,Fear of being caught in a crowd crush at a public event,Attending a concert with friends in a crowded venue,In a concert venue during an event,No symptoms of physical distress
,Worry about accidentally locking oneself in a small space,Riding an elevator with colleagues to a meeting,In an elevator in a high-rise building,"Slightly heightened focus, no discomfort"
,Fear of a sudden allergic reaction to cleaning chemicals,Shopping with a group of friends at a market,At a market with many people shopping,"Heart rate steady, calm state"
,Concern about getting pricked by a stray needle in public,Walking with family through a busy park,In a public park during a busy weekend,No physical changes noticed
,Fear of being scratched by a stray cat while outdoors,At a garden center selecting plants with neighbors,In a garden center selecting plants,"Slight muscle tension, no significant effects"
,Worry about slipping on spilled liquids in a grocery store,Gardening with friends in a backyard,In a workshop using gardening tools,"Breathing remains calm, steady pulse"
,Fear of cutting oneself on sharp tools while gardening,Browsing a hardware store with a family member,Standing on a balcony overlooking a city,"Slight warmth, feeling relaxed"
,Concern about falling off an unstable chair while reaching up,Walking with a friend on a remote forest trail,At a hardware store browsing for supplies,No tension or physiological symptoms
,Fear of a sudden ear infection causing pain and imbalance,In a park with family during a local festival,On a forest trail near a campsite,"Feeling neutral, breathing steady"
,Worry about breathing issues after exposure to dusty environments,Walking through a parking garage with coworkers,In a crowded park during a festival,No changes in physiological state
,Fear of a heavy object falling and injuring toes,At a poolside barbecue with friends and neighbors,In a parking garage near an entrance,"Slightly increased alertness, steady pulse"
,Concern about a child choking on small toys,Shopping at a bakery with family members,At a poolside with family and friends,No symptoms of physical arousal
,Fear of spraining a wrist while lifting heavy items,In a park during a local sports event with friends,At a bakery buying fresh bread,"Heart rate normal, body relaxed"
,Worry about an insect crawling into an ear while sleeping,Walking near a lake with a hiking group,In a park during a community event,"Breathing is calm, feeling comfortable"
,Fear of encountering a wild animal while camping,Walking with coworkers through a suburban street,On a trail near a small lake,No physiological changes detected
,Concern about being hit by a stray ball in a park,Under a tree with a friend during light rain,In a suburban street near construction,"Slightly heightened awareness, no discomfort"
,Fear of catching a waterborne illness from swimming in a lake,Cleaning a storeroom with family members,Under a tree during a light rain,"Breathing is steady, no tension"
,Worry about getting a splinter from wooden surfaces,Fixing a small appliance with a roommate,In a storeroom organizing supplies,Slight exertion felt in limbs
,Fear of accidentally spilling hot liquids and getting burned,Watching a soccer game with neighbors in the park,At home fixing a small appliance,No physical symptoms observed
,Concern about being caught in a falling tree branch during a storm,Walking with a friend on a street with barriers,In a park during a sports match,"Normal state, heart rate steady"
,Fear of being hurt in a minor household accident,Cycling in a group on a busy city route,On a busy road near an open manhole,Slight warmth in hands and feet
,Worry about a minor bruise turning into a larger issue,Shopping with family members at a local market,In a street with temporary barriers,"Feeling calm, breathing evenly"
